{
  "name": "tech-for-girls-registration",
  "version": "1.0.0",
  "description": "Tech for Girls community registration website",
  "main": "dist/index.js",
  "scripts": {
    "build": "npm run build:client && npm run build:server",
    "build:client": "vite build",
    "build:server": "esbuild server/index.ts --bundle --platform=node --target=node18 --outfile=dist/index.js --external:@neondatabase/serverless --external:ws",
    "start": "node dist/index.js",
    "dev": "tsx server/index.ts",
    "db:push": "drizzle-kit push"
  },
  "engines": {
    "node": ">=18.0.0"
  }
}